user,timestamp,ip_address,status,location
user19,2025-12-03 21:03:43,192.168.1.10,success,Office
user13,2025-12-03 20:50:43,192.168.1.200,success,Office
user11,2025-12-03 20:28:43,192.168.1.40,success,Remote
user1,2025-12-03 17:24:43,192.168.1.20,success,Office
user7,2025-12-03 15:56:43,192.168.1.200,success,Office
user9,2025-12-03 15:43:43,192.168.1.10,success,Office
user14,2025-12-03 13:07:43,192.168.1.30,success,Remote
user7,2025-12-03 07:35:43,192.168.1.200,success,Remote
user8,2025-12-03 06:46:43,192.168.1.30,success,Office
user20,2025-12-03 06:24:43,192.168.1.200,success,Office
user7,2025-12-03 06:02:43,192.168.1.99,success,Office
user13,2025-12-03 03:01:43,172.16.5.100,success,Office
user8,2025-12-02 23:12:43,192.168.1.40,success,Office
user13,2025-12-02 23:01:43,192.168.1.200,success,Office
user10,2025-12-02 19:12:43,192.168.1.10,success,Remote
user13,2025-12-02 17:36:43,192.168.1.99,success,Office
user13,2025-12-02 14:13:43,192.168.1.99,success,Office
user13,2025-12-02 13:30:43,172.16.5.100,success,Office
user20,2025-12-02 11:03:43,192.168.1.99,success,Office
user13,2025-12-02 10:27:43,192.168.1.200,success,Remote
user7,2025-12-02 09:16:43,172.16.5.100,success,Remote
user19,2025-12-02 06:47:43,192.168.1.20,success,Office
user4,2025-12-02 05:18:43,192.168.1.10,success,Office
user20,2025-12-02 04:51:43,192.168.1.200,success,Remote
user5,2025-12-02 03:07:43,192.168.1.40,success,Office
user19,2025-12-01 23:57:43,192.168.1.30,success,Remote
user12,2025-12-01 21:35:43,192.168.1.20,success,Office
user13,2025-12-01 20:33:43,172.16.5.100,success,Remote
user20,2025-12-01 14:51:43,10.0.0.250,success,Remote
user13,2025-12-01 14:12:43,192.168.1.200,success,Office
user6,2025-12-01 12:48:43,192.168.1.10,success,Remote
user14,2025-12-01 10:48:43,192.168.1.10,success,Office
user13,2025-12-01 09:36:43,172.16.5.100,success,Office
user20,2025-12-01 08:01:43,172.16.5.100,success,Remote
user10,2025-12-01 07:02:43,192.168.1.30,success,Office
user12,2025-12-01 05:53:43,192.168.1.30,success,Office
user19,2025-12-01 05:44:43,192.168.1.20,success,Office
user19,2025-12-01 05:05:43,192.168.1.20,success,Office
user7,2025-12-01 02:45:43,172.16.5.100,success,Office
user19,2025-12-01 02:33:43,192.168.1.40,success,Remote
user13,2025-12-01 01:57:43,10.0.0.250,success,Remote
user9,2025-12-01 01:36:43,192.168.1.20,success,Remote
user7,2025-12-01 00:12:43,172.16.5.100,success,Office
user14,2025-11-30 22:49:43,192.168.1.30,success,Remote
user7,2025-11-30 22:17:43,10.0.0.250,failed,Remote
user13,2025-11-30 19:50:43,192.168.1.99,success,Office
user5,2025-11-30 19:20:43,192.168.1.10,success,Office
user19,2025-11-30 16:46:43,192.168.1.20,success,Office
user1,2025-11-30 16:34:43,192.168.1.10,success,Office
user12,2025-11-30 16:14:43,192.168.1.40,success,Remote
user20,2025-11-30 15:55:43,192.168.1.200,success,Office
user11,2025-11-30 13:21:43,192.168.1.20,success,Office
user9,2025-11-30 13:17:43,192.168.1.20,success,Office
user3,2025-11-30 11:29:43,192.168.1.20,success,Remote
user20,2025-11-30 10:14:43,172.16.5.100,success,Office
user14,2025-11-30 10:08:43,192.168.1.30,success,Office
user13,2025-11-30 09:11:43,192.168.1.99,success,Remote
user9,2025-11-30 09:10:43,192.168.1.40,success,Office
user7,2025-11-30 08:59:43,192.168.1.99,success,Office
user20,2025-11-30 08:54:43,172.16.5.100,success,Office
user20,2025-11-30 08:03:43,192.168.1.99,success,Remote
user17,2025-11-30 03:38:43,192.168.1.10,success,Office
user13,2025-11-30 02:18:43,192.168.1.99,success,Remote
user4,2025-11-30 00:03:43,192.168.1.10,failed,Remote
user2,2025-11-29 23:39:43,192.168.1.40,success,Remote
user13,2025-11-29 21:23:43,172.16.5.100,success,Office
user4,2025-11-29 21:12:43,192.168.1.40,success,Office
user20,2025-11-29 19:44:43,192.168.1.200,success,Remote
user13,2025-11-29 15:46:43,172.16.5.100,success,Office
user19,2025-11-29 14:29:43,192.168.1.30,success,Office
user9,2025-11-29 13:08:43,192.168.1.30,success,Office
user13,2025-11-29 08:47:43,192.168.1.200,success,Remote
user16,2025-11-29 07:06:43,192.168.1.40,success,Office
user7,2025-11-29 04:44:43,192.168.1.99,success,Office
user7,2025-11-29 04:25:43,10.0.0.250,success,Office
user19,2025-11-29 03:30:43,192.168.1.30,success,Office
user9,2025-11-29 03:09:43,192.168.1.40,success,Office
user14,2025-11-29 03:01:43,192.168.1.40,success,Remote
user13,2025-11-29 02:18:43,192.168.1.200,success,Office
user20,2025-11-29 01:54:43,192.168.1.200,failed,Office
user4,2025-11-28 23:17:43,192.168.1.10,success,Office
user16,2025-11-28 23:13:43,192.168.1.30,failed,Office
user7,2025-11-28 22:08:43,192.168.1.200,success,Remote
user6,2025-11-28 20:53:43,192.168.1.20,failed,Office
user10,2025-11-28 20:20:43,192.168.1.30,success,Remote
user17,2025-11-28 19:39:43,192.168.1.20,success,Remote
user13,2025-11-28 19:17:43,192.168.1.200,success,Office
user8,2025-11-28 19:10:43,192.168.1.30,success,Office
user2,2025-11-28 16:15:43,192.168.1.20,success,Remote
user4,2025-11-28 14:08:43,192.168.1.30,success,Office
user11,2025-11-28 12:40:43,192.168.1.10,success,Office
user10,2025-11-28 12:05:43,192.168.1.20,success,Remote
user19,2025-11-28 10:11:43,192.168.1.10,failed,Office
user2,2025-11-28 09:57:43,192.168.1.10,success,Office
user4,2025-11-28 08:11:43,192.168.1.40,success,Office
user10,2025-11-28 06:52:43,192.168.1.40,success,Remote
user20,2025-11-28 01:42:43,172.16.5.100,success,Office
user15,2025-11-28 00:56:43,192.168.1.20,success,Office
user7,2025-11-28 00:53:43,172.16.5.100,success,Office
user19,2025-11-28 00:01:43,192.168.1.20,success,Office
user13,2025-11-27 22:10:43,192.168.1.99,success,Office
user15,2025-11-27 21:56:43,192.168.1.20,failed,Office
user13,2025-11-27 21:46:43,192.168.1.99,success,Office
user20,2025-11-27 21:25:43,172.16.5.100,failed,Office
user5,2025-11-27 20:28:43,192.168.1.10,success,Office
user10,2025-11-27 18:22:43,192.168.1.40,success,Office
user12,2025-11-27 17:56:43,192.168.1.40,success,Office
user3,2025-11-27 17:45:43,192.168.1.30,failed,Office
user18,2025-11-27 17:45:43,192.168.1.20,success,Office
user19,2025-11-27 14:49:43,192.168.1.20,success,Remote
user14,2025-11-27 14:37:43,192.168.1.20,success,Office
user13,2025-11-27 12:44:43,192.168.1.99,success,Office
user20,2025-11-27 12:11:43,192.168.1.99,success,Remote
user13,2025-11-27 11:37:43,10.0.0.250,success,Office
user19,2025-11-27 09:23:43,192.168.1.10,success,Remote
user18,2025-11-27 08:50:43,192.168.1.40,success,Office
user20,2025-11-27 07:18:43,192.168.1.99,success,Remote
user19,2025-11-27 04:19:43,192.168.1.30,success,Office
user17,2025-11-27 02:04:43,192.168.1.30,success,Office
user20,2025-11-27 00:27:43,10.0.0.250,success,Office
user20,2025-11-26 20:48:43,10.0.0.250,success,Office
user18,2025-11-26 20:39:43,192.168.1.10,failed,Office
user17,2025-11-26 20:25:43,192.168.1.10,success,Remote
user1,2025-11-26 20:19:43,192.168.1.10,success,Office
user13,2025-11-26 20:18:43,192.168.1.99,success,Remote
user4,2025-11-26 19:14:43,192.168.1.10,failed,Remote
user13,2025-11-26 18:38:43,10.0.0.250,failed,Remote
user5,2025-11-26 16:59:43,192.168.1.10,success,Office
user9,2025-11-26 15:39:43,192.168.1.10,success,Office
user17,2025-11-26 14:27:43,192.168.1.20,success,Office
user9,2025-11-26 10:54:43,192.168.1.40,success,Office
user7,2025-11-26 10:47:43,192.168.1.99,success,Office
user13,2025-11-26 08:19:43,172.16.5.100,success,Office
user14,2025-11-26 04:47:43,192.168.1.40,success,Office
user14,2025-11-26 04:01:43,192.168.1.10,success,Office
user9,2025-11-26 03:13:43,192.168.1.20,success,Remote
user20,2025-11-26 01:16:43,192.168.1.200,success,Remote
user4,2025-11-26 01:02:43,192.168.1.10,success,Office
user9,2025-11-26 00:17:43,192.168.1.20,success,Office
user14,2025-11-26 00:16:43,192.168.1.30,success,Remote
user20,2025-11-25 23:20:43,10.0.0.250,success,Remote
user8,2025-11-25 19:03:43,192.168.1.10,success,Remote
user17,2025-11-25 18:42:43,192.168.1.20,success,Office
user18,2025-11-25 18:19:43,192.168.1.20,success,Remote
user15,2025-11-25 16:58:43,192.168.1.10,success,Office
user2,2025-11-25 16:54:43,192.168.1.10,success,Office
user1,2025-11-25 16:28:43,192.168.1.10,success,Office
user16,2025-11-25 12:59:43,192.168.1.20,success,Remote
user20,2025-11-25 12:46:43,10.0.0.250,success,Office
user7,2025-11-25 10:30:43,192.168.1.99,success,Remote
user16,2025-11-25 10:22:43,192.168.1.40,success,Remote
user13,2025-11-25 10:01:43,172.16.5.100,success,Office
user4,2025-11-25 08:34:43,192.168.1.10,success,Office
user9,2025-11-25 08:11:43,192.168.1.10,success,Office
user9,2025-11-25 07:20:43,192.168.1.40,success,Office
user7,2025-11-25 05:26:43,192.168.1.200,success,Office
user18,2025-11-25 04:12:43,192.168.1.10,success,Office
user5,2025-11-25 02:53:43,192.168.1.30,success,Office
user1,2025-11-25 02:19:43,192.168.1.30,failed,Remote
user20,2025-11-24 21:11:43,10.0.0.250,success,Office
user11,2025-11-24 18:30:43,192.168.1.10,success,Office
user12,2025-11-24 16:57:43,192.168.1.20,success,Office
user15,2025-11-24 16:13:43,192.168.1.20,success,Remote
user15,2025-11-24 13:50:43,192.168.1.40,success,Remote
user20,2025-11-24 09:50:43,172.16.5.100,success,Office
user8,2025-11-24 06:56:43,192.168.1.20,success,Office
user8,2025-11-24 06:09:43,192.168.1.40,failed,Remote
user1,2025-11-24 04:54:43,192.168.1.20,success,Office
user12,2025-11-24 04:19:43,192.168.1.30,success,Remote
user5,2025-11-24 02:02:43,192.168.1.40,success,Office
user5,2025-11-24 00:36:43,192.168.1.20,failed,Remote
user12,2025-11-23 19:21:43,192.168.1.10,success,Remote
user7,2025-11-23 19:05:43,192.168.1.200,success,Office
user12,2025-11-23 18:18:43,192.168.1.30,success,Office
user11,2025-11-23 17:53:43,192.168.1.20,success,Remote
user2,2025-11-23 17:51:43,192.168.1.20,failed,Remote
user19,2025-11-23 14:51:43,192.168.1.40,success,Office
user4,2025-11-23 13:43:43,192.168.1.10,success,Office
user7,2025-11-23 11:36:43,10.0.0.250,success,Remote
user13,2025-11-23 11:12:43,10.0.0.250,success,Office
user13,2025-11-23 11:10:43,10.0.0.250,failed,Office
user12,2025-11-23 10:59:43,192.168.1.20,success,Office
user10,2025-11-23 08:37:43,192.168.1.20,success,Office
user20,2025-11-23 08:12:43,172.16.5.100,success,Office
user16,2025-11-23 07:59:43,192.168.1.30,success,Office
user10,2025-11-23 07:26:43,192.168.1.10,success,Remote
user20,2025-11-23 06:42:43,192.168.1.200,success,Office
user12,2025-11-23 06:10:43,192.168.1.10,success,Office
user20,2025-11-23 04:17:43,10.0.0.250,success,Office
user16,2025-11-22 22:44:43,192.168.1.10,success,Office
user11,2025-11-22 22:26:43,192.168.1.30,success,Office
user14,2025-11-22 22:21:43,192.168.1.10,success,Remote
user12,2025-11-22 16:59:43,192.168.1.20,success,Remote
user4,2025-11-22 16:53:43,192.168.1.40,success,Office
user7,2025-11-22 15:23:43,192.168.1.99,success,Remote
user20,2025-11-22 13:06:43,10.0.0.250,success,Remote
user20,2025-11-22 12:51:43,172.16.5.100,success,Office
user1,2025-11-22 12:44:43,192.168.1.40,success,Office
user4,2025-11-22 08:14:43,192.168.1.10,failed,Office
user7,2025-11-22 07:58:43,10.0.0.250,success,Office
user5,2025-11-22 07:50:43,192.168.1.20,success,Office
user7,2025-11-22 04:47:43,10.0.0.250,success,Office
user7,2025-11-22 04:37:43,172.16.5.100,success,Office
user18,2025-11-22 04:33:43,192.168.1.30,success,Office
user20,2025-11-22 04:24:43,192.168.1.99,success,Office
user7,2025-11-22 02:40:43,192.168.1.200,success,Remote
user2,2025-11-22 01:33:43,192.168.1.10,success,Remote
user20,2025-11-22 01:30:43,192.168.1.200,failed,Office
user18,2025-11-22 00:56:43,192.168.1.20,success,Remote
user15,2025-11-21 23:52:43,192.168.1.20,success,Office
user20,2025-11-21 21:52:43,172.16.5.100,success,Office
user11,2025-11-21 21:46:43,192.168.1.40,success,Office
user7,2025-11-21 21:26:43,192.168.1.200,success,Remote
user13,2025-11-21 20:40:43,192.168.1.99,success,Office
user13,2025-11-21 20:37:43,10.0.0.250,success,Office
user20,2025-11-21 20:16:43,192.168.1.99,success,Office
user13,2025-11-21 19:51:43,172.16.5.100,failed,Office
user3,2025-11-21 18:52:43,192.168.1.20,success,Office
user13,2025-11-21 17:01:43,172.16.5.100,success,Remote
user7,2025-11-21 16:52:43,172.16.5.100,success,Office
user20,2025-11-21 14:48:43,192.168.1.200,success,Remote
user7,2025-11-21 09:38:43,172.16.5.100,success,Office
user4,2025-11-21 07:45:43,192.168.1.20,success,Office
user14,2025-11-21 05:42:43,192.168.1.30,success,Office
user16,2025-11-21 05:38:43,192.168.1.30,success,Office
user14,2025-11-21 04:18:43,192.168.1.40,success,Office
user3,2025-11-21 02:33:43,192.168.1.40,success,Office
user13,2025-11-21 01:38:43,10.0.0.250,success,Remote
user14,2025-11-20 23:50:43,192.168.1.40,failed,Office
user14,2025-11-20 23:21:43,192.168.1.10,success,Office
user9,2025-11-20 23:21:43,192.168.1.30,success,Office
user15,2025-11-20 21:04:43,192.168.1.10,success,Office
user16,2025-11-20 20:53:43,192.168.1.40,success,Office
user20,2025-11-20 17:56:43,172.16.5.100,failed,Office
user20,2025-11-20 17:16:43,192.168.1.200,success,Office
user11,2025-11-20 15:32:43,192.168.1.40,success,Office
user2,2025-11-20 11:55:43,192.168.1.20,success,Office
user7,2025-11-20 11:53:43,172.16.5.100,success,Remote
user13,2025-11-20 10:38:43,192.168.1.99,failed,Office
user15,2025-11-20 10:20:43,192.168.1.40,success,Office
user8,2025-11-20 08:30:43,192.168.1.10,success,Office
user13,2025-11-20 07:28:43,172.16.5.100,success,Office
user8,2025-11-20 07:09:43,192.168.1.30,success,Office
user17,2025-11-20 06:26:43,192.168.1.40,success,Office
user13,2025-11-20 06:11:43,10.0.0.250,success,Office
user2,2025-11-20 05:09:43,192.168.1.30,success,Office
user4,2025-11-20 03:39:43,192.168.1.20,success,Office
user5,2025-11-20 03:36:43,192.168.1.40,success,Office
user6,2025-11-20 01:22:43,192.168.1.10,success,Office
user3,2025-11-20 00:53:43,192.168.1.10,success,Office
user20,2025-11-20 00:38:43,172.16.5.100,success,Office
user13,2025-11-19 18:17:43,10.0.0.250,success,Office
user13,2025-11-19 16:54:43,10.0.0.250,success,Office
user7,2025-11-19 14:32:43,192.168.1.99,success,Office
user8,2025-11-19 13:55:43,192.168.1.30,success,Office
user12,2025-11-19 13:23:43,192.168.1.20,failed,Office
user9,2025-11-19 11:47:43,192.168.1.30,success,Office
user6,2025-11-19 09:41:43,192.168.1.20,success,Remote
user11,2025-11-19 09:23:43,192.168.1.30,success,Remote
user16,2025-11-19 09:02:43,192.168.1.20,success,Office
user20,2025-11-19 05:34:43,192.168.1.99,success,Office
user10,2025-11-19 04:58:43,192.168.1.10,success,Office
user13,2025-11-19 01:34:43,192.168.1.99,success,Remote
user17,2025-11-19 01:29:43,192.168.1.40,success,Office
user20,2025-11-18 23:50:43,172.16.5.100,success,Office
user5,2025-11-18 23:17:43,192.168.1.20,success,Remote
user13,2025-11-18 22:17:43,172.16.5.100,success,Office
user15,2025-11-18 20:54:43,192.168.1.20,success,Office
user7,2025-11-18 16:29:43,192.168.1.99,failed,Office
user13,2025-11-18 16:21:43,192.168.1.200,success,Office
user12,2025-11-18 15:23:43,192.168.1.20,success,Office
user13,2025-11-18 15:01:43,192.168.1.99,success,Office
user19,2025-11-18 12:46:43,192.168.1.30,success,Office
user17,2025-11-18 12:36:43,192.168.1.30,success,Office
user19,2025-11-18 10:39:43,192.168.1.40,success,Remote
user7,2025-11-18 10:21:43,172.16.5.100,failed,Office
user19,2025-11-18 09:41:43,192.168.1.30,success,Remote
user20,2025-11-18 05:31:43,172.16.5.100,success,Office
user20,2025-11-18 02:02:43,192.168.1.99,success,Office
user6,2025-11-18 01:08:43,192.168.1.20,success,Office
user13,2025-11-18 00:55:43,10.0.0.250,success,Remote
user18,2025-11-17 23:38:43,192.168.1.30,success,Office
user16,2025-11-17 21:57:43,192.168.1.30,success,Office
user5,2025-11-17 20:03:43,192.168.1.40,success,Remote
user16,2025-11-17 19:31:43,192.168.1.40,success,Remote
user19,2025-11-17 15:48:43,192.168.1.20,success,Remote
user19,2025-11-17 15:27:43,192.168.1.20,failed,Office
user20,2025-11-17 11:36:43,192.168.1.200,success,Remote
user14,2025-11-17 09:56:43,192.168.1.40,failed,Remote
user10,2025-11-17 09:00:43,192.168.1.40,success,Office
user7,2025-11-17 08:43:43,192.168.1.99,success,Remote
user9,2025-11-17 07:54:43,192.168.1.20,success,Office
user12,2025-11-17 05:57:43,192.168.1.40,success,Office
user13,2025-11-17 05:52:43,10.0.0.250,success,Office
user13,2025-11-17 05:50:43,192.168.1.99,success,Office
user17,2025-11-17 05:30:43,192.168.1.30,success,Office
user16,2025-11-17 04:44:43,192.168.1.30,success,Office
user20,2025-11-17 03:51:43,172.16.5.100,success,Remote
user14,2025-11-17 03:50:43,192.168.1.10,success,Office
user12,2025-11-17 01:41:43,192.168.1.20,success,Office
user6,2025-11-17 00:28:43,192.168.1.10,failed,Office
user7,2025-11-16 23:03:43,172.16.5.100,success,Office
user9,2025-11-16 21:57:43,192.168.1.40,success,Office
user20,2025-11-16 20:29:43,172.16.5.100,success,Remote
user14,2025-11-16 20:08:43,192.168.1.20,success,Remote
user18,2025-11-16 19:52:43,192.168.1.10,success,Remote
user15,2025-11-16 19:40:43,192.168.1.20,success,Office
user7,2025-11-16 14:18:43,192.168.1.200,success,Remote
user20,2025-11-16 13:20:43,192.168.1.99,success,Office
user13,2025-11-16 12:29:43,192.168.1.200,success,Remote
user3,2025-11-16 12:23:43,192.168.1.30,success,Office
user7,2025-11-16 12:18:43,192.168.1.99,success,Office
user20,2025-11-16 11:15:43,192.168.1.200,success,Office
user12,2025-11-16 10:15:43,192.168.1.30,success,Office
user15,2025-11-16 10:14:43,192.168.1.10,success,Remote
user20,2025-11-16 06:11:43,192.168.1.99,success,Office
user10,2025-11-16 05:39:43,192.168.1.30,success,Office
user13,2025-11-16 05:31:43,192.168.1.99,success,Office
user5,2025-11-16 04:20:43,192.168.1.40,failed,Office
user20,2025-11-16 04:08:43,172.16.5.100,success,Office
user20,2025-11-16 02:30:43,172.16.5.100,success,Office
user15,2025-11-15 22:22:43,192.168.1.10,success,Remote
user5,2025-11-15 21:03:43,192.168.1.20,success,Office
user8,2025-11-15 19:58:43,192.168.1.40,success,Office
user18,2025-11-15 19:30:43,192.168.1.10,success,Office
user4,2025-11-15 15:03:43,192.168.1.30,success,Remote
user6,2025-11-15 14:22:43,192.168.1.40,failed,Office
user4,2025-11-15 13:17:43,192.168.1.30,success,Office
user13,2025-11-15 12:24:43,172.16.5.100,success,Office
user13,2025-11-15 12:13:43,172.16.5.100,success,Office
user7,2025-11-15 11:57:43,192.168.1.200,success,Office
user12,2025-11-15 11:21:43,192.168.1.10,success,Office
user13,2025-11-15 10:12:43,192.168.1.200,success,Office
user20,2025-11-15 08:29:43,192.168.1.200,success,Remote
user7,2025-11-15 07:53:43,172.16.5.100,success,Office
user7,2025-11-15 07:35:43,172.16.5.100,success,Office
user8,2025-11-15 06:41:43,192.168.1.10,success,Remote
user9,2025-11-15 04:12:43,192.168.1.10,success,Office
user5,2025-11-15 04:05:43,192.168.1.10,success,Office
user8,2025-11-15 03:38:43,192.168.1.20,success,Office
user5,2025-11-14 23:32:43,192.168.1.10,success,Remote
user20,2025-11-14 19:20:43,192.168.1.200,success,Office
user13,2025-11-14 17:41:43,172.16.5.100,success,Office
user20,2025-11-14 15:04:43,192.168.1.200,success,Office
user10,2025-11-14 14:31:43,192.168.1.30,success,Remote
user8,2025-11-14 13:12:43,192.168.1.40,success,Office
user16,2025-11-14 11:09:43,192.168.1.20,success,Office
user13,2025-11-14 09:58:43,10.0.0.250,success,Office
user9,2025-11-14 09:51:43,192.168.1.40,success,Office
user4,2025-11-14 09:30:43,192.168.1.20,success,Remote
user17,2025-11-14 09:03:43,192.168.1.20,success,Office
user4,2025-11-14 07:32:43,192.168.1.10,success,Remote
user11,2025-11-14 07:00:43,192.168.1.30,failed,Office
user3,2025-11-14 05:20:43,192.168.1.20,success,Remote
user5,2025-11-14 04:40:43,192.168.1.40,failed,Remote
user20,2025-11-14 03:11:43,172.16.5.100,success,Office
user14,2025-11-14 03:00:43,192.168.1.20,success,Remote
user11,2025-11-14 02:59:43,192.168.1.40,success,Remote
user13,2025-11-14 01:27:43,172.16.5.100,success,Remote
user20,2025-11-13 22:12:43,192.168.1.99,success,Remote
user18,2025-11-13 20:22:43,192.168.1.30,success,Remote
user5,2025-11-13 19:49:43,192.168.1.10,success,Office
user13,2025-11-13 18:16:43,192.168.1.200,success,Office
user2,2025-11-13 18:05:43,192.168.1.30,success,Office
user13,2025-11-13 17:45:43,192.168.1.200,failed,Remote
user4,2025-11-13 17:40:43,192.168.1.20,failed,Remote
user20,2025-11-13 17:22:43,192.168.1.99,success,Office
user11,2025-11-13 11:57:43,192.168.1.20,success,Remote
user5,2025-11-13 05:26:43,192.168.1.30,failed,Office
user4,2025-11-13 04:11:43,192.168.1.20,success,Office
user1,2025-11-12 23:33:43,192.168.1.10,failed,Remote
user13,2025-11-12 16:20:43,192.168.1.200,success,Office
user13,2025-11-12 15:25:43,192.168.1.99,success,Office
user20,2025-11-12 13:36:43,192.168.1.99,success,Remote
user19,2025-11-12 11:36:43,192.168.1.10,success,Office
user14,2025-11-12 11:31:43,192.168.1.10,success,Office
user2,2025-11-12 09:18:43,192.168.1.10,success,Office
user20,2025-11-12 09:02:43,172.16.5.100,success,Office
user7,2025-11-12 08:19:43,10.0.0.250,success,Office
user20,2025-11-12 07:54:43,192.168.1.200,success,Office
user1,2025-11-12 05:59:43,192.168.1.30,success,Office
user2,2025-11-12 04:20:43,192.168.1.10,failed,Remote
user13,2025-11-12 01:15:43,10.0.0.250,success,Office
user7,2025-11-12 00:09:43,10.0.0.250,success,Remote
user13,2025-11-11 22:09:43,10.0.0.250,failed,Remote
user15,2025-11-11 20:44:43,192.168.1.40,success,Office
user11,2025-11-11 19:00:43,192.168.1.30,success,Office
user7,2025-11-11 18:08:43,192.168.1.99,success,Remote
user20,2025-11-11 16:21:43,192.168.1.99,success,Remote
user19,2025-11-11 13:39:43,192.168.1.40,success,Remote
user20,2025-11-11 12:21:43,192.168.1.99,success,Office
user7,2025-11-11 11:20:43,10.0.0.250,failed,Office
user20,2025-11-11 10:53:43,192.168.1.99,success,Office
user20,2025-11-11 07:40:43,172.16.5.100,failed,Office
user7,2025-11-11 07:20:43,192.168.1.200,success,Office
user13,2025-11-11 07:11:43,10.0.0.250,success,Office
user12,2025-11-11 07:09:43,192.168.1.10,success,Office
user4,2025-11-11 05:20:43,192.168.1.20,success,Office
user12,2025-11-11 04:26:43,192.168.1.40,success,Office
user4,2025-11-11 04:03:43,192.168.1.10,success,Office
user8,2025-11-11 03:28:43,192.168.1.10,success,Office
user4,2025-11-11 02:34:43,192.168.1.40,success,Office
user14,2025-11-11 01:14:43,192.168.1.10,success,Office
user13,2025-11-11 00:48:43,192.168.1.99,success,Remote
user9,2025-11-10 22:30:43,192.168.1.40,success,Remote
user8,2025-11-10 22:20:43,192.168.1.40,failed,Remote
user7,2025-11-10 18:48:43,192.168.1.99,success,Office
user3,2025-11-10 17:47:43,192.168.1.30,success,Office
user9,2025-11-10 15:20:43,192.168.1.20,success,Office
user19,2025-11-10 15:02:43,192.168.1.40,success,Office
user10,2025-11-10 15:01:43,192.168.1.20,success,Office
user14,2025-11-10 14:19:43,192.168.1.10,success,Remote
user20,2025-11-10 12:05:43,172.16.5.100,success,Remote
user9,2025-11-10 06:08:43,192.168.1.20,success,Remote
user9,2025-11-10 05:59:43,192.168.1.40,success,Office
user13,2025-11-10 01:46:43,10.0.0.250,success,Remote
user11,2025-11-10 01:19:43,192.168.1.40,success,Remote
user20,2025-11-10 00:17:43,10.0.0.250,success,Remote
user20,2025-11-10 00:08:43,10.0.0.250,success,Office
user5,2025-11-09 23:49:43,192.168.1.40,success,Office
user2,2025-11-09 21:42:43,192.168.1.10,success,Remote
user20,2025-11-09 21:10:43,192.168.1.200,success,Office
user20,2025-11-09 18:50:43,10.0.0.250,success,Office
user13,2025-11-09 14:11:43,192.168.1.200,success,Office
user19,2025-11-09 11:31:43,192.168.1.40,success,Office
user18,2025-11-09 07:25:43,192.168.1.20,success,Remote
user13,2025-11-09 07:04:43,192.168.1.99,success,Office
user2,2025-11-09 04:18:43,192.168.1.10,success,Office
user6,2025-11-09 03:47:43,192.168.1.20,success,Remote
user7,2025-11-09 02:12:43,192.168.1.200,success,Office
user11,2025-11-09 00:14:43,192.168.1.10,success,Office
user1,2025-11-08 23:08:43,192.168.1.20,success,Office
user20,2025-11-08 23:04:43,10.0.0.250,success,Office
user4,2025-11-08 21:56:43,192.168.1.40,success,Office
user11,2025-11-08 16:32:43,192.168.1.20,success,Office
user12,2025-11-08 15:35:43,192.168.1.40,success,Office
user9,2025-11-08 12:13:43,192.168.1.20,success,Office
user20,2025-11-08 11:58:43,172.16.5.100,success,Office
user13,2025-11-08 11:41:43,10.0.0.250,failed,Office
user7,2025-11-08 06:06:43,172.16.5.100,success,Office
user9,2025-11-08 05:24:43,192.168.1.20,success,Remote
user8,2025-11-08 05:13:43,192.168.1.10,failed,Office
user12,2025-11-08 05:11:43,192.168.1.30,failed,Remote
user20,2025-11-08 04:06:43,192.168.1.99,success,Office
user8,2025-11-07 23:18:43,192.168.1.40,success,Office
user16,2025-11-07 13:02:43,192.168.1.10,failed,Remote
user10,2025-11-07 11:16:43,192.168.1.20,success,Office
user6,2025-11-07 07:39:43,192.168.1.20,success,Office
user1,2025-11-07 06:32:43,192.168.1.30,success,Office
user12,2025-11-07 02:40:43,192.168.1.10,success,Office
user7,2025-11-07 02:38:43,192.168.1.99,success,Remote
user7,2025-11-07 01:37:43,192.168.1.99,success,Remote
user15,2025-11-07 00:10:43,192.168.1.20,success,Office
user13,2025-11-06 23:29:43,172.16.5.100,success,Remote
user14,2025-11-06 22:53:43,192.168.1.40,success,Office
user20,2025-11-06 21:08:43,172.16.5.100,success,Remote
user6,2025-11-06 19:44:43,192.168.1.20,success,Remote
user3,2025-11-06 19:28:43,192.168.1.10,success,Remote
user20,2025-11-06 18:51:43,10.0.0.250,success,Office
user7,2025-11-06 16:44:43,172.16.5.100,success,Office
user20,2025-11-06 15:25:43,172.16.5.100,success,Remote
user20,2025-11-06 14:38:43,172.16.5.100,success,Remote
user10,2025-11-06 14:11:43,192.168.1.10,success,Office
user11,2025-11-06 14:00:43,192.168.1.40,success,Office
user8,2025-11-06 11:04:43,192.168.1.20,success,Office
user13,2025-11-06 10:27:43,192.168.1.99,failed,Office
user17,2025-11-06 09:49:43,192.168.1.10,success,Office
user16,2025-11-06 05:28:43,192.168.1.10,success,Office
user8,2025-11-06 03:34:43,192.168.1.40,success,Office
user18,2025-11-06 03:18:43,192.168.1.10,success,Office
user20,2025-11-06 02:15:43,172.16.5.100,success,Office
user17,2025-11-06 01:45:43,192.168.1.30,success,Office
user13,2025-11-06 00:52:43,192.168.1.200,success,Remote
user16,2025-11-05 22:19:43,192.168.1.10,success,Office
user6,2025-11-05 21:58:43,192.168.1.40,failed,Remote
user7,2025-11-05 21:58:43,172.16.5.100,success,Office
user19,2025-11-05 21:45:43,192.168.1.10,failed,Office
user14,2025-11-05 19:08:43,192.168.1.20,success,Remote
user13,2025-11-05 19:08:43,172.16.5.100,success,Remote
user13,2025-11-05 16:10:43,192.168.1.99,success,Office
user9,2025-11-05 15:46:43,192.168.1.20,success,Office
user11,2025-11-05 08:50:43,192.168.1.10,success,Office
user7,2025-11-05 08:39:43,192.168.1.99,success,Office
user8,2025-11-05 07:31:43,192.168.1.20,failed,Office
user20,2025-11-05 05:44:43,192.168.1.99,success,Remote
user14,2025-11-05 05:04:43,192.168.1.40,success,Remote
user18,2025-11-05 04:53:43,192.168.1.30,success,Office
user20,2025-11-05 04:08:43,10.0.0.250,failed,Remote
user7,2025-11-05 02:49:43,192.168.1.200,success,Remote
user4,2025-11-05 02:28:43,192.168.1.20,success,Remote
user8,2025-11-05 02:06:43,192.168.1.20,success,Remote
user13,2025-11-04 23:04:43,192.168.1.99,success,Office
user17,2025-11-04 21:01:43,192.168.1.30,success,Office
user3,2025-11-04 20:51:43,192.168.1.10,failed,Office
user13,2025-11-04 20:00:43,192.168.1.99,failed,Remote
user13,2025-11-04 19:24:43,172.16.5.100,success,Office
user12,2025-11-04 17:07:43,192.168.1.20,success,Office
user8,2025-11-04 16:33:43,192.168.1.30,success,Office
user7,2025-11-04 16:30:43,10.0.0.250,success,Office
user3,2025-11-04 16:05:43,192.168.1.10,success,Office
user8,2025-11-04 14:39:43,192.168.1.10,failed,Office
user17,2025-11-04 14:32:43,192.168.1.30,success,Remote
user7,2025-11-04 13:22:43,10.0.0.250,success,Office
user4,2025-11-04 12:29:43,192.168.1.40,success,Office
user20,2025-11-04 12:01:43,172.16.5.100,success,Office
user12,2025-11-04 11:41:43,192.168.1.40,success,Office
user4,2025-11-04 11:32:43,192.168.1.40,success,Office
user20,2025-11-04 04:39:43,172.16.5.100,success,Remote
user13,2025-11-04 03:48:43,192.168.1.200,success,Remote
user7,2025-11-04 03:08:43,10.0.0.250,success,Office
user13,2025-11-04 02:25:43,172.16.5.100,success,Office
user4,2025-11-04 01:45:43,192.168.1.40,success,Office
user1,2025-11-04 01:30:43,192.168.1.10,success,Office
user13,2025-11-04 01:08:43,192.168.1.200,success,Office
user8,2025-11-04 00:58:43,192.168.1.10,success,Remote
user5,2025-11-03 23:49:43,192.168.1.30,success,Office
